CustomerID,CustomerName,Segment,Country,State,City,CustomerCode,CombinedLocation
1,  Customer 1 ,Corporate,Poland,Region-2,City-2-4,CUST9BVM2,"City-2-4, Region-2, Poland"
2,  Customer 2 ,Consumer,United Kingdom,Region-2,City-2-5,CUST9E6GB,"City-2-5, Region-2, United Kingdom"
3,  Customer 3 ,Consumer,France,Region-3,City-3-2,CUSTS3Y70,"City-3-2, Region-3, France"
4,  Customer 4 ,Consumer,United Kingdom,Region-2,City-2-5,CUSTP87WX,"City-2-5, Region-2, United Kingdom"
5,  Customer 5 ,Consumer,Italy,Region-3,City-3-3,CUST6SYLZ,"City-3-3, Region-3, Italy"
6,  Customer 6 ,Corporate,Germany,Region-5,City-5-3,CUSTGXN0G,"City-5-3, Region-5, Germany"
7,  Customer 7 ,Corporate,Poland,Region-1,City-1-2,CUSTO4KH2,"City-1-2, Region-1, Poland"
8,  Customer 8 ,Corporate,Poland,Region-1,City-1-3,CUSTLPYS2,"City-1-3, Region-1, Poland"
9,  Customer 9 ,Enterprise,Italy,Region-1,City-1-1,CUST0XKXW,"City-1-1, Region-1, Italy"
10,  Customer 10 ,Consumer,France,Region-4,City-4-2,CUST8IL3F,"City-4-2, Region-4, France"
11,  Customer 11 ,Consumer,Italy,Region-3,City-3-2,CUST9W1Q5,"City-3-2, Region-3, Italy"
12,  Customer 12 ,Corporate,Netherlands,Region-5,City-5-1,CUSTZNOFY,"City-5-1, Region-5, Netherlands"
13,  Customer 13 ,Enterprise,Germany,Region-1,City-1-4,CUST452H2,"City-1-4, Region-1, Germany"
14,  Customer 14 ,Small Business,France,Region-1,City-1-2,CUSTQU7EE,"City-1-2, Region-1, France"
15,  Customer 15 ,Corporate,Netherlands,Region-1,City-1-4,CUSTTUL1P,"City-1-4, Region-1, Netherlands"
16,  Customer 16 ,Small Business,Netherlands,Region-3,City-3-1,CUST6P6QF,"City-3-1, Region-3, Netherlands"
17,  Customer 17 ,Small Business,Germany,Region-1,City-1-5,CUSTQ14J1,"City-1-5, Region-1, Germany"
18,  Customer 18 ,Corporate,Poland,Region-4,City-4-3,CUSTIPZIM,"City-4-3, Region-4, Poland"
19,  Customer 19 ,Enterprise,Spain,Region-4,City-4-5,CUSTCFNFH,"City-4-5, Region-4, Spain"
20,  Customer 20 ,Consumer,Poland,Region-1,City-1-1,CUSTLQC3O,"City-1-1, Region-1, Poland"
21,  Customer 21 ,Small Business,United Kingdom,Region-1,City-1-1,CUST8A5UR,"City-1-1, Region-1, United Kingdom"
22,  Customer 22 ,Enterprise,Italy,Region-2,City-2-2,CUSTKO64T,"City-2-2, Region-2, Italy"
23,  Customer 23 ,Small Business,Germany,Region-3,City-3-2,CUST26RJR,"City-3-2, Region-3, Germany"
24,  Customer 24 ,Consumer,United Kingdom,Region-5,City-5-1,CUSTY2047,"City-5-1, Region-5, United Kingdom"
25,  Customer 25 ,Enterprise,United Kingdom,Region-4,City-4-3,CUSTT6VXD,"City-4-3, Region-4, United Kingdom"
26,  Customer 26 ,Consumer,Spain,Region-4,City-4-2,CUST5GJLQ,"City-4-2, Region-4, Spain"
27,  Customer 27 ,Consumer,France,Region-4,City-4-1,CUST5K8P4,"City-4-1, Region-4, France"
28,  Customer 28 ,Corporate,Poland,Region-4,City-4-3,CUST0B8IC,"City-4-3, Region-4, Poland"
29,  Customer 29 ,Enterprise,Spain,Region-3,City-3-3,CUSTBBI4W,"City-3-3, Region-3, Spain"
30,  Customer 30 ,Consumer,United Kingdom,Region-1,City-1-1,CUSTRE8QJ,"City-1-1, Region-1, United Kingdom"
31,  Customer 31 ,Consumer,Netherlands,Region-1,City-1-1,CUSTV8Z2F,"City-1-1, Region-1, Netherlands"
32,  Customer 32 ,Consumer,France,Region-5,City-5-5,CUSTU7U6N,"City-5-5, Region-5, France"
33,  Customer 33 ,Enterprise,Poland,Region-1,City-1-1,CUSTHV3IZ,"City-1-1, Region-1, Poland"
34,  Customer 34 ,Consumer,United Kingdom,Region-5,City-5-3,CUSTY22UB,"City-5-3, Region-5, United Kingdom"
35,  Customer 35 ,Corporate,Netherlands,Region-1,City-1-1,CUSTXCXAP,"City-1-1, Region-1, Netherlands"
36,  Customer 36 ,Corporate,Poland,Region-4,City-4-5,CUSTPN6QF,"City-4-5, Region-4, Poland"
37,  Customer 37 ,Consumer,Poland,Region-5,City-5-2,CUSTSXW71,"City-5-2, Region-5, Poland"
38,  Customer 38 ,Corporate,France,Region-3,City-3-3,CUST3VLI7,"City-3-3, Region-3, France"
39,  Customer 39 ,Consumer,United Kingdom,Region-5,City-5-5,CUSTQ1UYM,"City-5-5, Region-5, United Kingdom"
40,  Customer 40 ,Corporate,Italy,Region-3,City-3-3,CUSTLRMJK,"City-3-3, Region-3, Italy"
41,  Customer 41 ,Corporate,Germany,Region-2,City-2-3,CUST5USGI,"City-2-3, Region-2, Germany"
42,  Customer 42 ,Consumer,United Kingdom,Region-5,City-5-5,CUSTTIRZQ,"City-5-5, Region-5, United Kingdom"
43,  Customer 43 ,Consumer,Germany,Region-3,City-3-4,CUSTKOIXN,"City-3-4, Region-3, Germany"
44,  Customer 44 ,Corporate,Spain,Region-2,City-2-5,CUSTM9TMQ,"City-2-5, Region-2, Spain"
45,  Customer 45 ,Consumer,Poland,Region-2,City-2-5,CUSTIZL08,"City-2-5, Region-2, Poland"
46,  Customer 46 ,Small Business,Germany,Region-1,City-1-4,CUSTG0JV1,"City-1-4, Region-1, Germany"
47,  Customer 47 ,Corporate,Germany,Region-2,City-2-5,CUST93KMK,"City-2-5, Region-2, Germany"
48,  Customer 48 ,Small Business,Poland,Region-5,City-5-4,CUSTEBBK7,"City-5-4, Region-5, Poland"
49,  Customer 49 ,Corporate,Italy,Region-1,City-1-1,CUST1DAKR,"City-1-1, Region-1, Italy"
50,  Customer 50 ,Consumer,Poland,Region-1,City-1-1,CUST8J5EC,"City-1-1, Region-1, Poland"
51,  Customer 51 ,Corporate,Germany,Region-5,City-5-1,CUSTUYF38,"City-5-1, Region-5, Germany"
52,  Customer 52 ,Consumer,Italy,Region-4,City-4-1,CUSTIUOVW,"City-4-1, Region-4, Italy"
53,  Customer 53 ,Small Business,Poland,Region-5,City-5-2,CUSTN6KVP,"City-5-2, Region-5, Poland"
54,  Customer 54 ,Corporate,Italy,Region-1,City-1-4,CUSTC8D1W,"City-1-4, Region-1, Italy"
55,  Customer 55 ,Consumer,Italy,Region-2,City-2-2,CUSTCITFO,"City-2-2, Region-2, Italy"
56,  Customer 56 ,Small Business,France,Region-2,City-2-2,CUSTQBKK4,"City-2-2, Region-2, France"
57,  Customer 57 ,Consumer,Italy,Region-2,City-2-4,CUSTIJ2V2,"City-2-4, Region-2, Italy"
58,  Customer 58 ,Consumer,France,Region-4,City-4-2,CUSTEIFJF,"City-4-2, Region-4, France"
59,  Customer 59 ,Consumer,Netherlands,Region-1,City-1-1,CUST2V37P,"City-1-1, Region-1, Netherlands"
60,  Customer 60 ,Corporate,Netherlands,Region-3,City-3-2,CUSTKOJTP,"City-3-2, Region-3, Netherlands"
61,  Customer 61 ,Corporate,United Kingdom,Region-1,City-1-3,CUST60VAI,"City-1-3, Region-1, United Kingdom"
62,  Customer 62 ,Small Business,Germany,Region-2,City-2-4,CUST4VA13,"City-2-4, Region-2, Germany"
63,  Customer 63 ,Corporate,France,Region-2,City-2-1,CUST1GSPK,"City-2-1, Region-2, France"
64,  Customer 64 ,Enterprise,Netherlands,Region-3,City-3-5,CUSTP38QO,"City-3-5, Region-3, Netherlands"
65,  Customer 65 ,Consumer,Germany,Region-1,City-1-2,CUSTDFORX,"City-1-2, Region-1, Germany"
66,  Customer 66 ,Consumer,Germany,Region-1,City-1-2,CUST1BDJE,"City-1-2, Region-1, Germany"
67,  Customer 67 ,Small Business,Poland,Region-4,City-4-2,CUST53A5Q,"City-4-2, Region-4, Poland"
68,  Customer 68 ,Consumer,Italy,Region-5,City-5-5,CUSTSWRPB,"City-5-5, Region-5, Italy"
69,  Customer 69 ,Consumer,Italy,Region-3,City-3-3,CUSTEK5RB,"City-3-3, Region-3, Italy"
70,  Customer 70 ,Corporate,Poland,Region-2,City-2-4,CUST2ZLAO,"City-2-4, Region-2, Poland"
71,  Customer 71 ,Consumer,United Kingdom,Region-1,City-1-3,CUST4E8XF,"City-1-3, Region-1, United Kingdom"
72,  Customer 72 ,Enterprise,United Kingdom,Region-1,City-1-3,CUSTKZORQ,"City-1-3, Region-1, United Kingdom"
73,  Customer 73 ,Corporate,United Kingdom,Region-3,City-3-4,CUSTFGV0E,"City-3-4, Region-3, United Kingdom"
74,  Customer 74 ,Consumer,Germany,Region-5,City-5-4,CUST14M2J,"City-5-4, Region-5, Germany"
75,  Customer 75 ,Consumer,Poland,Region-2,City-2-2,CUST04UX5,"City-2-2, Region-2, Poland"
76,  Customer 76 ,Corporate,Spain,Region-4,City-4-2,CUSTRL1N7,"City-4-2, Region-4, Spain"
77,  Customer 77 ,Small Business,Italy,Region-1,City-1-2,CUST9IN4O,"City-1-2, Region-1, Italy"
78,  Customer 78 ,Consumer,Italy,Region-3,City-3-3,CUSTR6N92,"City-3-3, Region-3, Italy"
79,  Customer 79 ,Corporate,Italy,Region-4,City-4-5,CUSTF8E8L,"City-4-5, Region-4, Italy"
80,  Customer 80 ,Consumer,Spain,Region-5,City-5-3,CUST4D6AF,"City-5-3, Region-5, Spain"
81,  Customer 81 ,Small Business,Spain,Region-4,City-4-3,CUST8C2JW,"City-4-3, Region-4, Spain"
82,  Customer 82 ,Consumer,Poland,Region-1,City-1-1,CUSTCLYT8,"City-1-1, Region-1, Poland"
83,  Customer 83 ,Corporate,Poland,Region-5,City-5-1,CUST5RTWI,"City-5-1, Region-5, Poland"
84,  Customer 84 ,Small Business,Italy,Region-4,City-4-4,CUSTKID91,"City-4-4, Region-4, Italy"
85,  Customer 85 ,Small Business,United Kingdom,Region-2,City-2-5,CUSTDFKBL,"City-2-5, Region-2, United Kingdom"
86,  Customer 86 ,Consumer,Poland,Region-5,City-5-1,CUSTMPIOY,"City-5-1, Region-5, Poland"
87,  Customer 87 ,Consumer,France,Region-3,City-3-5,CUSTGVNYR,"City-3-5, Region-3, France"
88,  Customer 88 ,Corporate,Italy,Region-4,City-4-4,CUSTIWQY6,"City-4-4, Region-4, Italy"
89,  Customer 89 ,Corporate,Spain,Region-5,City-5-5,CUSTKTC89,"City-5-5, Region-5, Spain"
90,  Customer 90 ,Consumer,France,Region-1,City-1-2,CUST8YQK9,"City-1-2, Region-1, France"
91,  Customer 91 ,Small Business,France,Region-5,City-5-4,CUSTDNMKZ,"City-5-4, Region-5, France"
92,  Customer 92 ,Consumer,Poland,Region-5,City-5-2,CUST3OA52,"City-5-2, Region-5, Poland"
93,  Customer 93 ,Enterprise,Germany,Region-1,City-1-2,CUST60361,"City-1-2, Region-1, Germany"
94,  Customer 94 ,Consumer,Italy,Region-1,City-1-2,CUST2HGJ1,"City-1-2, Region-1, Italy"
95,  Customer 95 ,Small Business,Germnay,Region-3,City-3-1,CUSTYEDWB,"City-3-1, Region-3, Germnay"
96,  Customer 96 ,Small Business,Poland,Region-3,City-3-2,CUSTBNE6L,"City-3-2, Region-3, Poland"
97,  Customer 97 ,Consumer,Germany,Region-4,City-4-2,CUSTH25NS,"City-4-2, Region-4, Germany"
98,  Customer 98 ,Consumer,France,Region-3,City-3-4,CUSTF678K,"City-3-4, Region-3, France"
99,  Customer 99 ,Small Business,Germnay,Region-1,City-1-5,CUST2QC1I,"City-1-5, Region-1, Germnay"
100,  Customer 100 ,Small Business,France,Region-4,City-4-4,CUSTYO4UD,"City-4-4, Region-4, France"
101,  Customer 101 ,Consumer,United Kingdom,Region-4,City-4-3,CUSTJEN0J,"City-4-3, Region-4, United Kingdom"
102,  Customer 102 ,Consumer,France,Region-4,City-4-5,CUSTWNYQW,"City-4-5, Region-4, France"
103,  Customer 103 ,Enterprise,Poland,Region-1,City-1-5,CUSTLVXWQ,"City-1-5, Region-1, Poland"
104,  Customer 104 ,Small Business,United Kingdom,Region-1,City-1-2,CUSTXEBB9,"City-1-2, Region-1, United Kingdom"
105,  Customer 105 ,Consumer,Netherlands,Region-2,City-2-3,CUSTITNN8,"City-2-3, Region-2, Netherlands"
106,  Customer 106 ,Small Business,Netherlands,Region-2,City-2-2,CUSTTV05X,"City-2-2, Region-2, Netherlands"
107,  Customer 107 ,Small Business,Spain,Region-1,City-1-2,CUSTW7KYH,"City-1-2, Region-1, Spain"
108,  Customer 108 ,Corporate,United Kingdom,Region-3,City-3-2,CUSTIN9N6,"City-3-2, Region-3, United Kingdom"
109,  Customer 109 ,Corporate,Netherlands,Region-2,City-2-3,CUSTCJ883,"City-2-3, Region-2, Netherlands"
110,  Customer 110 ,Consumer,France,Region-1,City-1-2,CUSTHX8BM,"City-1-2, Region-1, France"
111,  Customer 111 ,Enterprise,Poland,Region-3,City-3-2,CUST2H3TV,"City-3-2, Region-3, Poland"
112,  Customer 112 ,Small Business,Poland,Region-5,City-5-2,CUSTI12VJ,"City-5-2, Region-5, Poland"
113,  Customer 113 ,Enterprise,United Kingdom,Region-1,City-1-3,CUST9T2D5,"City-1-3, Region-1, United Kingdom"
114,  Customer 114 ,Consumer,Poland,Region-1,City-1-1,CUSTM2VAJ,"City-1-1, Region-1, Poland"
115,  Customer 115 ,Consumer,Poland,Region-3,City-3-3,CUSTPECQN,"City-3-3, Region-3, Poland"
116,  Customer 116 ,Corporate,United Kingdom,Region-5,City-5-5,CUSTQHW06,"City-5-5, Region-5, United Kingdom"
117,  Customer 117 ,Corporate,France,Region-1,City-1-2,CUSTKXB94,"City-1-2, Region-1, France"
118,  Customer 118 ,Consumer,Netherlands,Region-1,City-1-4,CUSTDZP6L,"City-1-4, Region-1, Netherlands"
119,  Customer 119 ,Consumer,United Kingdom,Region-3,City-3-2,CUSTEWVZN,"City-3-2, Region-3, United Kingdom"
120,  Customer 120 ,Corporate,United Kingdom,Region-2,City-2-1,CUSTKSP2E,"City-2-1, Region-2, United Kingdom"
121,  Customer 121 ,Corporate,Germany,Region-5,City-5-2,CUST5T5P5,"City-5-2, Region-5, Germany"
122,  Customer 122 ,Consumer,Poland,Region-3,City-3-1,CUST3O0LL,"City-3-1, Region-3, Poland"
123,  Customer 123 ,Consumer,Poland,Region-4,City-4-5,CUST8YRDD,"City-4-5, Region-4, Poland"
124,  Customer 124 ,Consumer,France,Region-2,City-2-2,CUST0NEC8,"City-2-2, Region-2, France"
125,  Customer 125 ,Corporate,Italy,Region-5,City-5-2,CUSTYO57P,"City-5-2, Region-5, Italy"
126,  Customer 126 ,Enterprise,Italy,Region-5,City-5-1,CUSTBKLDS,"City-5-1, Region-5, Italy"
127,  Customer 127 ,Consumer,France,Region-4,City-4-5,CUSTR4MUE,"City-4-5, Region-4, France"
128,  Customer 128 ,Consumer,Netherlands,Region-3,City-3-5,CUSTIPU1W,"City-3-5, Region-3, Netherlands"
129,  Customer 129 ,Small Business,Netherlands,Region-1,City-1-5,CUSTUVXYB,"City-1-5, Region-1, Netherlands"
130,  Customer 130 ,Consumer,Italy,Region-1,City-1-2,CUST17MGF,"City-1-2, Region-1, Italy"
131,  Customer 131 ,Corporate,Spain,Region-1,City-1-5,CUSTC08DT,"City-1-5, Region-1, Spain"
132,  Customer 132 ,Consumer,France,Region-4,City-4-2,CUSTQFLL7,"City-4-2, Region-4, France"
133,  Customer 133 ,Corporate,France,Region-3,City-3-5,CUST5F1BC,"City-3-5, Region-3, France"
134,  Customer 134 ,Consumer,Poland,Region-1,City-1-4,CUSTPVOHS,"City-1-4, Region-1, Poland"
135,  Customer 135 ,Consumer,Germany,Region-5,City-5-4,CUSTDYVSL,"City-5-4, Region-5, Germany"
136,  Customer 136 ,Consumer,France,Region-3,City-3-1,CUST9BH81,"City-3-1, Region-3, France"
137,  Customer 137 ,Small Business,Germany,Region-3,City-3-3,CUSTKERPE,"City-3-3, Region-3, Germany"
138,  Customer 138 ,Corporate,Italy,Region-3,City-3-1,CUSTIUYMO,"City-3-1, Region-3, Italy"
139,  Customer 139 ,Small Business,United Kingdom,Region-5,City-5-4,CUSTPQCLP,"City-5-4, Region-5, United Kingdom"
140,  Customer 140 ,Consumer,Netherlands,Region-1,City-1-3,CUSTXKO8G,"City-1-3, Region-1, Netherlands"
141,  Customer 141 ,Enterprise,Netherlands,Region-5,City-5-5,CUSTQYNPD,"City-5-5, Region-5, Netherlands"
142,  Customer 142 ,Consumer,Spain,Region-3,City-3-4,CUSTOC50H,"City-3-4, Region-3, Spain"
143,  Customer 143 ,Small Business,Spain,Region-5,City-5-1,CUSTCWTG1,"City-5-1, Region-5, Spain"
144,  Customer 144 ,Consumer,Poland,Region-4,City-4-1,CUST8XFDJ,"City-4-1, Region-4, Poland"
145,  Customer 145 ,Consumer,Poland,Region-1,City-1-4,CUSTF1C8W,"City-1-4, Region-1, Poland"
146,  Customer 146 ,Corporate,France,Region-1,City-1-1,CUSTUUY5X,"City-1-1, Region-1, France"
147,  Customer 147 ,Enterprise,France,Region-3,City-3-3,CUSTL8LPQ,"City-3-3, Region-3, France"
148,  Customer 148 ,Corporate,Italy,Region-1,City-1-2,CUST2VMCQ,"City-1-2, Region-1, Italy"
149,  Customer 149 ,Consumer,Italy,Region-3,City-3-3,CUSTNKX9D,"City-3-3, Region-3, Italy"
150,  Customer 150 ,Corporate,Germany,Region-5,City-5-4,CUSTNU80B,"City-5-4, Region-5, Germany"
151,  Customer 151 ,Enterprise,Italy,Region-5,City-5-2,CUSTUGVS8,"City-5-2, Region-5, Italy"
152,  Customer 152 ,Corporate,Germany,Region-4,City-4-1,CUST349DX,"City-4-1, Region-4, Germany"
153,  Customer 153 ,Consumer,France,Region-5,City-5-5,CUSTZ9SVN,"City-5-5, Region-5, France"
154,  Customer 154 ,Enterprise,Italy,Region-1,City-1-4,CUSTN1YBW,"City-1-4, Region-1, Italy"
155,  Customer 155 ,Consumer,United Kingdom,Region-2,City-2-5,CUSTLUNJ4,"City-2-5, Region-2, United Kingdom"
156,  Customer 156 ,Enterprise,Poland,Region-2,City-2-3,CUSTVFCX7,"City-2-3, Region-2, Poland"
157,  Customer 157 ,Consumer,Spain,Region-3,City-3-5,CUSTXXEZD,"City-3-5, Region-3, Spain"
158,  Customer 158 ,Corporate,United Kingdom,Region-3,City-3-3,CUSTXLEZ8,"City-3-3, Region-3, United Kingdom"
159,  Customer 159 ,Enterprise,Netherlands,Region-1,City-1-4,CUST6DYSA,"City-1-4, Region-1, Netherlands"
160,  Customer 160 ,Consumer,United Kingdom,Region-5,City-5-4,CUST8M1G9,"City-5-4, Region-5, United Kingdom"
161,  Customer 161 ,Consumer,France,Region-1,City-1-2,CUSTK2ST0,"City-1-2, Region-1, France"
162,  Customer 162 ,Corporate,United Kingdom,Region-3,City-3-2,CUSTX5WVF,"City-3-2, Region-3, United Kingdom"
163,  Customer 163 ,Consumer,Germany,Region-4,City-4-2,CUSTYW6ZB,"City-4-2, Region-4, Germany"
164,  Customer 164 ,Consumer,Germany,Region-3,City-3-1,CUSTZ8V12,"City-3-1, Region-3, Germany"
165,  Customer 165 ,Consumer,Italy,Region-5,City-5-5,CUSTI826G,"City-5-5, Region-5, Italy"
166,  Customer 166 ,Small Business,United Kingdom,Region-5,City-5-4,CUSTUP12S,"City-5-4, Region-5, United Kingdom"
167,  Customer 167 ,Consumer,Spain,Region-4,City-4-1,CUSTFHV5B,"City-4-1, Region-4, Spain"
168,  Customer 168 ,Corporate,United Kingdom,Region-2,City-2-4,CUSTN7ZSE,"City-2-4, Region-2, United Kingdom"
169,  Customer 169 ,Consumer,Spain,Region-2,City-2-4,CUSTFQS3D,"City-2-4, Region-2, Spain"
170,  Customer 170 ,Enterprise,United Kingdom,Region-2,City-2-1,CUST357OO,"City-2-1, Region-2, United Kingdom"
171,  Customer 171 ,Consumer,Poland,Region-1,City-1-5,CUSTNCILD,"City-1-5, Region-1, Poland"
172,  Customer 172 ,Small Business,Italy,Region-5,City-5-3,CUSTMFB7R,"City-5-3, Region-5, Italy"
173,  Customer 173 ,Small Business,Spain,Region-4,City-4-2,CUST1QW6A,"City-4-2, Region-4, Spain"
174,  Customer 174 ,Consumer,Italy,Region-4,City-4-5,CUSTF7VP1,"City-4-5, Region-4, Italy"
175,  Customer 175 ,Consumer,France,Region-5,City-5-3,CUSTEIXWC,"City-5-3, Region-5, France"
176,  Customer 176 ,Small Business,United Kingdom,Region-4,City-4-5,CUSTRTWUZ,"City-4-5, Region-4, United Kingdom"
177,  Customer 177 ,Consumer,Poland,Region-5,City-5-1,CUSTAMUGY,"City-5-1, Region-5, Poland"
178,  Customer 178 ,Corporate,Netherlands,Region-3,City-3-2,CUSTM8T2S,"City-3-2, Region-3, Netherlands"
179,  Customer 179 ,Consumer,Italy,Region-4,City-4-3,CUST5BNN0,"City-4-3, Region-4, Italy"
180,  Customer 180 ,Consumer,Italy,Region-1,City-1-1,CUSTCIXDU,"City-1-1, Region-1, Italy"
181,  Customer 181 ,Small Business,Italy,Region-5,City-5-3,CUSTEMMX3,"City-5-3, Region-5, Italy"
182,  Customer 182 ,Small Business,Netherlands,Region-5,City-5-4,CUST9RGEZ,"City-5-4, Region-5, Netherlands"
183,  Customer 183 ,Enterprise,Spain,Region-2,City-2-1,CUSTBH25L,"City-2-1, Region-2, Spain"
184,  Customer 184 ,Consumer,Poland,Region-5,City-5-2,CUSTO3RBX,"City-5-2, Region-5, Poland"
185,  Customer 185 ,Consumer,Netherlands,Region-2,City-2-2,CUST5BXJ2,"City-2-2, Region-2, Netherlands"
186,  Customer 186 ,Consumer,Poland,Region-3,City-3-2,CUSTOP8MG,"City-3-2, Region-3, Poland"
187,  Customer 187 ,Small Business,United Kingdom,Region-5,City-5-3,CUSTN2JCP,"City-5-3, Region-5, United Kingdom"
188,  Customer 188 ,Consumer,Poland,Region-2,City-2-3,CUST9GKDL,"City-2-3, Region-2, Poland"
189,  Customer 189 ,Consumer,Poland,Region-4,City-4-3,CUSTQZFPQ,"City-4-3, Region-4, Poland"
190,  Customer 190 ,Small Business,France,Region-5,City-5-3,CUST6WPX2,"City-5-3, Region-5, France"
191,  Customer 191 ,Consumer,France,Region-4,City-4-1,CUSTYOS0F,"City-4-1, Region-4, France"
192,  Customer 192 ,Consumer,France,Region-3,City-3-5,CUST4YPEI,"City-3-5, Region-3, France"
193,  Customer 193 ,Corporate,France,Region-2,City-2-1,CUSTN8BFQ,"City-2-1, Region-2, France"
194,  Customer 194 ,Consumer,United Kingdom,Region-5,City-5-4,CUSTPCENL,"City-5-4, Region-5, United Kingdom"
195,  Customer 195 ,Consumer,France,Region-1,City-1-1,CUST8AGS6,"City-1-1, Region-1, France"
196,  Customer 196 ,Consumer,Netherlands,Region-2,City-2-4,CUST1ZHWY,"City-2-4, Region-2, Netherlands"
197,  Customer 197 ,Enterprise,United Kingdom,Region-5,City-5-1,CUSTHECGZ,"City-5-1, Region-5, United Kingdom"
198,  Customer 198 ,Enterprise,Italy,Region-5,City-5-1,CUST389YZ,"City-5-1, Region-5, Italy"
199,  Customer 199 ,Corporate,Spain,Region-2,City-2-5,CUSTKKFZZ,"City-2-5, Region-2, Spain"
200,  Customer 200 ,Consumer,Italy,Region-3,City-3-2,CUSTNI92I,"City-3-2, Region-3, Italy"
201,  Customer 201 ,Corporate,Germany,Region-5,City-5-2,CUSTMUQ9E,"City-5-2, Region-5, Germany"
202,  Customer 202 ,Small Business,Italy,Region-5,City-5-5,CUSTCOZRO,"City-5-5, Region-5, Italy"
203,  Customer 203 ,Consumer,Spain,Region-2,City-2-1,CUSTUELCQ,"City-2-1, Region-2, Spain"
204,  Customer 204 ,Corporate,Spain,Region-5,City-5-4,CUSTE3TV1,"City-5-4, Region-5, Spain"
205,  Customer 205 ,Consumer,United Kingdom,Region-2,City-2-5,CUSTS53SK,"City-2-5, Region-2, United Kingdom"
206,  Customer 206 ,Consumer,Spain,Region-4,City-4-5,CUST7I8SK,"City-4-5, Region-4, Spain"
207,  Customer 207 ,Consumer,Germany,Region-3,City-3-4,CUSTH8JWW,"City-3-4, Region-3, Germany"
208,  Customer 208 ,Consumer,Italy,Region-1,City-1-3,CUSTXVUGW,"City-1-3, Region-1, Italy"
209,  Customer 209 ,Enterprise,Poland,Region-4,City-4-1,CUSTM7B5C,"City-4-1, Region-4, Poland"
210,  Customer 210 ,Enterprise,Netherlands,Region-4,City-4-2,CUST1JHUW,"City-4-2, Region-4, Netherlands"
211,  Customer 211 ,Consumer,Germany,Region-5,City-5-1,CUST6TXKI,"City-5-1, Region-5, Germany"
212,  Customer 212 ,Small Business,United Kingdom,Region-5,City-5-2,CUSTOQYFO,"City-5-2, Region-5, United Kingdom"
213,  Customer 213 ,Corporate,France,Region-5,City-5-2,CUSTMF5L9,"City-5-2, Region-5, France"
214,  Customer 214 ,Consumer,Spain,Region-1,City-1-1,CUSTO1SDI,"City-1-1, Region-1, Spain"
215,  Customer 215 ,Consumer,Netherlands,Region-3,City-3-5,CUSTQFB85,"City-3-5, Region-3, Netherlands"
216,  Customer 216 ,Consumer,Italy,Region-2,City-2-3,CUST8637Z,"City-2-3, Region-2, Italy"
217,  Customer 217 ,Consumer,Netherlands,Region-2,City-2-3,CUSTF9Q5R,"City-2-3, Region-2, Netherlands"
218,  Customer 218 ,Consumer,Spain,Region-5,City-5-4,CUSTOQIVB,"City-5-4, Region-5, Spain"
219,  Customer 219 ,Consumer,United Kingdom,Region-5,City-5-5,CUSTV4YKA,"City-5-5, Region-5, United Kingdom"
220,  Customer 220 ,Consumer,Italy,Region-4,City-4-5,CUSTEJNOB,"City-4-5, Region-4, Italy"
221,  Customer 221 ,Consumer,Spain,Region-4,City-4-1,CUSTUNKNQ,"City-4-1, Region-4, Spain"
222,  Customer 222 ,Corporate,Netherlands,Region-5,City-5-5,CUST3WVED,"City-5-5, Region-5, Netherlands"
223,  Customer 223 ,Consumer,France,Region-4,City-4-5,CUST9UNFV,"City-4-5, Region-4, France"
224,  Customer 224 ,Consumer,Spain,Region-4,City-4-5,CUSTBBZ2S,"City-4-5, Region-4, Spain"
225,  Customer 225 ,Consumer,France,Region-5,City-5-2,CUST6F7LO,"City-5-2, Region-5, France"
226,  Customer 226 ,Corporate,Netherlands,Region-1,City-1-1,CUST4VSSR,"City-1-1, Region-1, Netherlands"
227,  Customer 227 ,Corporate,Poland,Region-4,City-4-4,CUSTRALDO,"City-4-4, Region-4, Poland"
228,  Customer 228 ,Consumer,Italy,Region-3,City-3-2,CUST65WVJ,"City-3-2, Region-3, Italy"
229,  Customer 229 ,Corporate,France,Region-3,City-3-4,CUST8UIBR,"City-3-4, Region-3, France"
230,  Customer 230 ,Corporate,Germany,Region-2,City-2-1,CUSTZ1N3I,"City-2-1, Region-2, Germany"
231,  Customer 231 ,Corporate,France,Region-1,City-1-3,CUSTZGPPO,"City-1-3, Region-1, France"
232,  Customer 232 ,Consumer,France,Region-1,City-1-2,CUSTSWQ40,"City-1-2, Region-1, France"
233,  Customer 233 ,Small Business,United Kingdom,Region-1,City-1-2,CUSTSU9RN,"City-1-2, Region-1, United Kingdom"
234,  Customer 234 ,Enterprise,Netherlands,Region-5,City-5-5,CUSTQTTY5,"City-5-5, Region-5, Netherlands"
235,  Customer 235 ,Small Business,Germany,Region-2,City-2-5,CUST2JR8K,"City-2-5, Region-2, Germany"
236,  Customer 236 ,Consumer,Spain,Region-1,City-1-5,CUST791ZY,"City-1-5, Region-1, Spain"
237,  Customer 237 ,Corporate,Germany,Region-3,City-3-2,CUSTRU7ZK,"City-3-2, Region-3, Germany"
238,  Customer 238 ,Corporate,Spain,Region-1,City-1-1,CUSTT6OM1,"City-1-1, Region-1, Spain"
239,  Customer 239 ,Consumer,United Kingdom,Region-3,City-3-1,CUSTB8C7X,"City-3-1, Region-3, United Kingdom"
240,  Customer 240 ,Small Business,Netherlands,Region-5,City-5-5,CUSTH3JUJ,"City-5-5, Region-5, Netherlands"
241,  Customer 241 ,Consumer,Germany,Region-3,City-3-1,CUST0IB6I,"City-3-1, Region-3, Germany"
242,  Customer 242 ,Consumer,Italy,Region-2,City-2-5,CUSTDLRYE,"City-2-5, Region-2, Italy"
243,  Customer 243 ,Enterprise,France,Region-4,City-4-4,CUST9FX5R,"City-4-4, Region-4, France"
244,  Customer 244 ,Corporate,Netherlands,Region-2,City-2-3,CUST1KKC1,"City-2-3, Region-2, Netherlands"
245,  Customer 245 ,Corporate,United Kingdom,Region-1,City-1-4,CUSTI04B7,"City-1-4, Region-1, United Kingdom"
246,  Customer 246 ,Consumer,Germnay,Region-2,City-2-1,CUST47B42,"City-2-1, Region-2, Germnay"
247,  Customer 247 ,Consumer,Italy,Region-2,City-2-5,CUST05KBK,"City-2-5, Region-2, Italy"
248,  Customer 248 ,Corporate,Italy,Region-5,City-5-1,CUST7MQXS,"City-5-1, Region-5, Italy"
249,  Customer 249 ,Enterprise,Germany,Region-3,City-3-5,CUSTESJ3L,"City-3-5, Region-3, Germany"
250,  Customer 250 ,Small Business,France,Region-1,City-1-1,CUSTXZAMK,"City-1-1, Region-1, France"
94,  Customer 94 ,Consumer,Italy,Region-1,City-1-2,CUST2HGJ1,"City-1-2, Region-1, Italy"
154,  Customer 154 ,Enterprise,Italy,Region-1,City-1-4,CUSTN1YBW,"City-1-4, Region-1, Italy"
200,  Customer 200 ,Consumer,Italy,Region-3,City-3-2,CUSTNI92I,"City-3-2, Region-3, Italy"
